{
  "__type__": "cc.SpriteFrame",
  "content": {
    "name": "e22",
    "atlas": "",
    "rect": {
      "x": 226,
      "y": 237,
      "width": 345,
      "height": 323
    },
    "offset": {
      "x": -6.5,
      "y": 6.5
    },
    "originalSize": {
      "width": 810,
      "height": 810
    },
    "rotated": false,
    "capInsets": [
      0,
      0,
      0,
      0
    ],
    "vertices": {
      "rawPosition": [
        -172.5,
        -161.5,
        0,
        172.5,
        -161.5,
        0,
        -172.5,
        161.5,
        0,
        172.5,
        161.5,
        0
      ],
      "indexes": [
        0,
        1,
        2,
        2,
        1,
        3
      ],
      "uv": [
        226,
        573,
        571,
        573,
        226,
        250,
        571,
        250
      ],
      "nuv": [
        0.27901234567901234,
        0.30864197530864196,
        0.7049382716049383,
        0.30864197530864196,
        0.27901234567901234,
        0.7074074074074074,
        0.7049382716049383,
        0.7074074074074074
      ],
      "minPos": {
        "x": -172.5,
        "y": -161.5,
        "z": 0
      },
      "maxPos": {
        "x": 172.5,
        "y": 161.5,
        "z": 0
      }
    },
    "texture": "56472503-b211-4c80-be2a-1dba4452e7de@6c48a",
    "packable": true,
    "pixelsToUnit": 100,
    "pivot": {
      "x": 0.5,
      "y": 0.5
    },
    "meshType": 0
  }
}