{
  "__type__": "cc.SpriteFrame",
  "content": {
    "name": "e9",
    "atlas": "",
    "rect": {
      "x": 254,
      "y": 344,
      "width": 282,
      "height": 290
    },
    "offset": {
      "x": -10,
      "y": -84
    },
    "originalSize": {
      "width": 810,
      "height": 810
    },
    "rotated": false,
    "capInsets": [
      0,
      0,
      0,
      0
    ],
    "vertices": {
      "rawPosition": [
        -141,
        -145,
        0,
        141,
        -145,
        0,
        -141,
        145,
        0,
        141,
        145,
        0
      ],
      "indexes": [
        0,
        1,
        2,
        2,
        1,
        3
      ],
      "uv": [
        254,
        466,
        536,
        466,
        254,
        176,
        536,
        176
      ],
      "nuv": [
        0.3135802469135803,
        0.21728395061728395,
        0.6617283950617284,
        0.21728395061728395,
        0.3135802469135803,
        0.5753086419753086,
        0.6617283950617284,
        0.5753086419753086
      ],
      "minPos": {
        "x": -141,
        "y": -145,
        "z": 0
      },
      "maxPos": {
        "x": 141,
        "y": 145,
        "z": 0
      }
    },
    "texture": "7e0eff12-b6c9-46ee-a496-5219dbb9f6d4@6c48a",
    "packable": true,
    "pixelsToUnit": 100,
    "pivot": {
      "x": 0.5,
      "y": 0.5
    },
    "meshType": 0
  }
}