{
  "__type__": "cc.SpriteFrame",
  "content": {
    "name": "e5",
    "atlas": "",
    "rect": {
      "x": 302,
      "y": 319,
      "width": 230,
      "height": 218
    },
    "offset": {
      "x": 12,
      "y": -23
    },
    "originalSize": {
      "width": 810,
      "height": 810
    },
    "rotated": false,
    "capInsets": [
      0,
      0,
      0,
      0
    ],
    "vertices": {
      "rawPosition": [
        -115,
        -109,
        0,
        115,
        -109,
        0,
        -115,
        109,
        0,
        115,
        109,
        0
      ],
      "indexes": [
        0,
        1,
        2,
        2,
        1,
        3
      ],
      "uv": [
        302,
        491,
        532,
        491,
        302,
        273,
        532,
        273
      ],
      "nuv": [
        0.3728395061728395,
        0.337037037037037,
        0.6567901234567901,
        0.337037037037037,
        0.3728395061728395,
        0.6061728395061728,
        0.6567901234567901,
        0.6061728395061728
      ],
      "minPos": {
        "x": -115,
        "y": -109,
        "z": 0
      },
      "maxPos": {
        "x": 115,
        "y": 109,
        "z": 0
      }
    },
    "texture": "58041d7a-f309-41d3-b82f-c2159044952e@6c48a",
    "packable": true,
    "pixelsToUnit": 100,
    "pivot": {
      "x": 0.5,
      "y": 0.5
    },
    "meshType": 0
  }
}