{
  "__type__": "cc.SpriteFrame",
  "content": {
    "name": "e28",
    "atlas": "",
    "rect": {
      "x": 228,
      "y": 226,
      "width": 358,
      "height": 353
    },
    "offset": {
      "x": 2,
      "y": 2.5
    },
    "originalSize": {
      "width": 810,
      "height": 810
    },
    "rotated": false,
    "capInsets": [
      0,
      0,
      0,
      0
    ],
    "vertices": {
      "rawPosition": [
        -179,
        -176.5,
        0,
        179,
        -176.5,
        0,
        -179,
        176.5,
        0,
        179,
        176.5,
        0
      ],
      "indexes": [
        0,
        1,
        2,
        2,
        1,
        3
      ],
      "uv": [
        228,
        584,
        586,
        584,
        228,
        231,
        586,
        231
      ],
      "nuv": [
        0.2814814814814815,
        0.2851851851851852,
        0.7234567901234568,
        0.2851851851851852,
        0.2814814814814815,
        0.7209876543209877,
        0.7234567901234568,
        0.7209876543209877
      ],
      "minPos": {
        "x": -179,
        "y": -176.5,
        "z": 0
      },
      "maxPos": {
        "x": 179,
        "y": 176.5,
        "z": 0
      }
    },
    "texture": "2732152b-6d3c-45e4-99d1-6f16f5afa4aa@6c48a",
    "packable": true,
    "pixelsToUnit": 100,
    "pivot": {
      "x": 0.5,
      "y": 0.5
    },
    "meshType": 0
  }
}