{
  "__type__": "cc.SpriteFrame",
  "content": {
    "name": "3",
    "atlas": "",
    "rect": {
      "x": 2,
      "y": 0,
      "width": 620,
      "height": 130
    },
    "offset": {
      "x": -0.5,
      "y": 1
    },
    "originalSize": {
      "width": 625,
      "height": 132
    },
    "rotated": false,
    "capInsets": [
      0,
      0,
      0,
      0
    ],
    "vertices": {
      "rawPosition": [
        -310,
        -65,
        0,
        310,
        -65,
        0,
        -310,
        65,
        0,
        310,
        65,
        0
      ],
      "indexes": [
        0,
        1,
        2,
        2,
        1,
        3
      ],
      "uv": [
        2,
        132,
        622,
        132,
        2,
        2,
        622,
        2
      ],
      "nuv": [
        0.0032,
        0.015151515151515152,
        0.9952,
        0.015151515151515152,
        0.0032,
        1,
        0.9952,
        1
      ],
      "minPos": {
        "x": -310,
        "y": -65,
        "z": 0
      },
      "maxPos": {
        "x": 310,
        "y": 65,
        "z": 0
      }
    },
    "texture": "0f463ea5-ef93-4467-97a4-5d145e50baac@6c48a",
    "packable": true,
    "pixelsToUnit": 100,
    "pivot": {
      "x": 0.5,
      "y": 0.5
    },
    "meshType": 0
  }
}