{
  "__type__": "cc.SpriteFrame",
  "content": {
    "name": "e3",
    "atlas": "",
    "rect": {
      "x": 308,
      "y": 358,
      "width": 216,
      "height": 211
    },
    "offset": {
      "x": 11,
      "y": -58.5
    },
    "originalSize": {
      "width": 810,
      "height": 810
    },
    "rotated": false,
    "capInsets": [
      0,
      0,
      0,
      0
    ],
    "vertices": {
      "rawPosition": [
        -108,
        -105.5,
        0,
        108,
        -105.5,
        0,
        -108,
        105.5,
        0,
        108,
        105.5,
        0
      ],
      "indexes": [
        0,
        1,
        2,
        2,
        1,
        3
      ],
      "uv": [
        308,
        452,
        524,
        452,
        308,
        241,
        524,
        241
      ],
      "nuv": [
        0.3802469135802469,
        0.2975308641975309,
        0.6469135802469136,
        0.2975308641975309,
        0.3802469135802469,
        0.5580246913580247,
        0.6469135802469136,
        0.5580246913580247
      ],
      "minPos": {
        "x": -108,
        "y": -105.5,
        "z": 0
      },
      "maxPos": {
        "x": 108,
        "y": 105.5,
        "z": 0
      }
    },
    "texture": "0f60be5e-27f1-4e3d-96c2-c09fcf527995@6c48a",
    "packable": true,
    "pixelsToUnit": 100,
    "pivot": {
      "x": 0.5,
      "y": 0.5
    },
    "meshType": 0
  }
}