{
  "__type__": "cc.SpriteFrame",
  "content": {
    "name": "e25",
    "atlas": "",
    "rect": {
      "x": 231,
      "y": 234,
      "width": 351,
      "height": 331
    },
    "offset": {
      "x": 1.5,
      "y": 5.5
    },
    "originalSize": {
      "width": 810,
      "height": 810
    },
    "rotated": false,
    "capInsets": [
      0,
      0,
      0,
      0
    ],
    "vertices": {
      "rawPosition": [
        -175.5,
        -165.5,
        0,
        175.5,
        -165.5,
        0,
        -175.5,
        165.5,
        0,
        175.5,
        165.5,
        0
      ],
      "indexes": [
        0,
        1,
        2,
        2,
        1,
        3
      ],
      "uv": [
        231,
        576,
        582,
        576,
        231,
        245,
        582,
        245
      ],
      "nuv": [
        0.2851851851851852,
        0.30246913580246915,
        0.7185185185185186,
        0.30246913580246915,
        0.2851851851851852,
        0.7111111111111111,
        0.7185185185185186,
        0.7111111111111111
      ],
      "minPos": {
        "x": -175.5,
        "y": -165.5,
        "z": 0
      },
      "maxPos": {
        "x": 175.5,
        "y": 165.5,
        "z": 0
      }
    },
    "texture": "a762edc6-3a34-46e5-b358-e38377e47d1a@6c48a",
    "packable": true,
    "pixelsToUnit": 100,
    "pivot": {
      "x": 0.5,
      "y": 0.5
    },
    "meshType": 0
  }
}