{
  "__type__": "cc.SpriteFrame",
  "content": {
    "name": "pause_bt_1",
    "atlas": "",
    "rect": {
      "x": 1,
      "y": 2,
      "width": 350,
      "height": 110
    },
    "offset": {
      "x": 0,
      "y": -1
    },
    "originalSize": {
      "width": 352,
      "height": 112
    },
    "rotated": false,
    "capInsets": [
      0,
      0,
      0,
      0
    ],
    "vertices": {
      "rawPosition": [
        -175,
        -55,
        0,
        175,
        -55,
        0,
        -175,
        55,
        0,
        175,
        55,
        0
      ],
      "indexes": [
        0,
        1,
        2,
        2,
        1,
        3
      ],
      "uv": [
        1,
        110,
        351,
        110,
        1,
        0,
        351,
        0
      ],
      "nuv": [
        0.002840909090909091,
        0,
        0.9971590909090909,
        0,
        0.002840909090909091,
        0.9821428571428571,
        0.9971590909090909,
        0.9821428571428571
      ],
      "minPos": {
        "x": -175,
        "y": -55,
        "z": 0
      },
      "maxPos": {
        "x": 175,
        "y": 55,
        "z": 0
      }
    },
    "texture": "0cd802cd-b786-48ac-a5c1-ad1523e4c46c@6c48a",
    "packable": true,
    "pixelsToUnit": 100,
    "pivot": {
      "x": 0.5,
      "y": 0.5
    },
    "meshType": 0
  }
}