{
  "__type__": "cc.SpriteFrame",
  "content": {
    "name": "Logo",
    "atlas": "",
    "rect": {
      "x": 7,
      "y": 113,
      "width": 787,
      "height": 572
    },
    "offset": {
      "x": 0.5,
      "y": 1
    },
    "originalSize": {
      "width": 800,
      "height": 800
    },
    "rotated": false,
    "capInsets": [
      0,
      0,
      0,
      0
    ],
    "vertices": {
      "rawPosition": [
        -393.5,
        -286,
        0,
        393.5,
        -286,
        0,
        -393.5,
        286,
        0,
        393.5,
        286,
        0
      ],
      "indexes": [
        0,
        1,
        2,
        2,
        1,
        3
      ],
      "uv": [
        7,
        687,
        794,
        687,
        7,
        115,
        794,
        115
      ],
      "nuv": [
        0.00875,
        0.14375,
        0.9925,
        0.14375,
        0.00875,
        0.85875,
        0.9925,
        0.85875
      ],
      "minPos": {
        "x": -393.5,
        "y": -286,
        "z": 0
      },
      "maxPos": {
        "x": 393.5,
        "y": 286,
        "z": 0
      }
    },
    "texture": "5a353323-fd8d-48d4-a2b6-9b56727a3884@6c48a",
    "packable": true,
    "pixelsToUnit": 100,
    "pivot": {
      "x": 0.5,
      "y": 0.5
    },
    "meshType": 0
  }
}