{
  "__type__": "cc.SpriteFrame",
  "content": {
    "name": "tab",
    "atlas": "",
    "rect": {
      "x": 3,
      "y": 104,
      "width": 369,
      "height": 180
    },
    "offset": {
      "x": 0,
      "y": -6.5
    },
    "originalSize": {
      "width": 375,
      "height": 375
    },
    "rotated": false,
    "capInsets": [
      0,
      0,
      0,
      0
    ],
    "vertices": {
      "rawPosition": [
        -184.5,
        -90,
        0,
        184.5,
        -90,
        0,
        -184.5,
        90,
        0,
        184.5,
        90,
        0
      ],
      "indexes": [
        0,
        1,
        2,
        2,
        1,
        3
      ],
      "uv": [
        3,
        271,
        372,
        271,
        3,
        91,
        372,
        91
      ],
      "nuv": [
        0.008,
        0.24266666666666667,
        0.992,
        0.24266666666666667,
        0.008,
        0.7226666666666667,
        0.992,
        0.7226666666666667
      ],
      "minPos": {
        "x": -184.5,
        "y": -90,
        "z": 0
      },
      "maxPos": {
        "x": 184.5,
        "y": 90,
        "z": 0
      }
    },
    "texture": "943a4f8d-b334-4693-b708-d2b3767d947a@6c48a",
    "packable": true,
    "pixelsToUnit": 100,
    "pivot": {
      "x": 0.5,
      "y": 0.5
    },
    "meshType": 0
  }
}