{
  "__type__": "cc.SpriteFrame",
  "content": {
    "name": "e20",
    "atlas": "",
    "rect": {
      "x": 236,
      "y": 248,
      "width": 345,
      "height": 313
    },
    "offset": {
      "x": 3.5,
      "y": 0.5
    },
    "originalSize": {
      "width": 810,
      "height": 810
    },
    "rotated": false,
    "capInsets": [
      0,
      0,
      0,
      0
    ],
    "vertices": {
      "rawPosition": [
        -172.5,
        -156.5,
        0,
        172.5,
        -156.5,
        0,
        -172.5,
        156.5,
        0,
        172.5,
        156.5,
        0
      ],
      "indexes": [
        0,
        1,
        2,
        2,
        1,
        3
      ],
      "uv": [
        236,
        562,
        581,
        562,
        236,
        249,
        581,
        249
      ],
      "nuv": [
        0.291358024691358,
        0.3074074074074074,
        0.717283950617284,
        0.3074074074074074,
        0.291358024691358,
        0.6938271604938272,
        0.717283950617284,
        0.6938271604938272
      ],
      "minPos": {
        "x": -172.5,
        "y": -156.5,
        "z": 0
      },
      "maxPos": {
        "x": 172.5,
        "y": 156.5,
        "z": 0
      }
    },
    "texture": "23791b74-2653-4000-9f49-813207103683@6c48a",
    "packable": true,
    "pixelsToUnit": 100,
    "pivot": {
      "x": 0.5,
      "y": 0.5
    },
    "meshType": 0
  }
}