{
  "__type__": "cc.SpriteFrame",
  "content": {
    "name": "5",
    "atlas": "",
    "rect": {
      "x": 1,
      "y": 8,
      "width": 621,
      "height": 130
    },
    "offset": {
      "x": -1,
      "y": -3.5
    },
    "originalSize": {
      "width": 625,
      "height": 139
    },
    "rotated": false,
    "capInsets": [
      0,
      0,
      0,
      0
    ],
    "vertices": {
      "rawPosition": [
        -310.5,
        -65,
        0,
        310.5,
        -65,
        0,
        -310.5,
        65,
        0,
        310.5,
        65,
        0
      ],
      "indexes": [
        0,
        1,
        2,
        2,
        1,
        3
      ],
      "uv": [
        1,
        131,
        622,
        131,
        1,
        1,
        622,
        1
      ],
      "nuv": [
        0.0016,
        0.007194244604316547,
        0.9952,
        0.007194244604316547,
        0.0016,
        0.9424460431654677,
        0.9952,
        0.9424460431654677
      ],
      "minPos": {
        "x": -310.5,
        "y": -65,
        "z": 0
      },
      "maxPos": {
        "x": 310.5,
        "y": 65,
        "z": 0
      }
    },
    "texture": "43ae93b3-489b-4731-8ea4-591a8c5896b6@6c48a",
    "packable": true,
    "pixelsToUnit": 100,
    "pivot": {
      "x": 0.5,
      "y": 0.5
    },
    "meshType": 0
  }
}