{
  "__type__": "cc.SpriteFrame",
  "content": {
    "name": "e18",
    "atlas": "",
    "rect": {
      "x": 244,
      "y": 248,
      "width": 325,
      "height": 306
    },
    "offset": {
      "x": 1.5,
      "y": 4
    },
    "originalSize": {
      "width": 810,
      "height": 810
    },
    "rotated": false,
    "capInsets": [
      0,
      0,
      0,
      0
    ],
    "vertices": {
      "rawPosition": [
        -162.5,
        -153,
        0,
        162.5,
        -153,
        0,
        -162.5,
        153,
        0,
        162.5,
        153,
        0
      ],
      "indexes": [
        0,
        1,
        2,
        2,
        1,
        3
      ],
      "uv": [
        244,
        562,
        569,
        562,
        244,
        256,
        569,
        256
      ],
      "nuv": [
        0.3012345679012346,
        0.3160493827160494,
        0.7024691358024692,
        0.3160493827160494,
        0.3012345679012346,
        0.6938271604938272,
        0.7024691358024692,
        0.6938271604938272
      ],
      "minPos": {
        "x": -162.5,
        "y": -153,
        "z": 0
      },
      "maxPos": {
        "x": 162.5,
        "y": 153,
        "z": 0
      }
    },
    "texture": "8da9b5a8-ed1c-4408-9a16-a4ae300eae1e@6c48a",
    "packable": true,
    "pixelsToUnit": 100,
    "pivot": {
      "x": 0.5,
      "y": 0.5
    },
    "meshType": 0
  }
}