{
  "__type__": "cc.SpriteFrame",
  "content": {
    "name": "e2",
    "atlas": "",
    "rect": {
      "x": 315,
      "y": 288,
      "width": 223,
      "height": 221
    },
    "offset": {
      "x": 21.5,
      "y": 6.5
    },
    "originalSize": {
      "width": 810,
      "height": 810
    },
    "rotated": false,
    "capInsets": [
      0,
      0,
      0,
      0
    ],
    "vertices": {
      "rawPosition": [
        -111.5,
        -110.5,
        0,
        111.5,
        -110.5,
        0,
        -111.5,
        110.5,
        0,
        111.5,
        110.5,
        0
      ],
      "indexes": [
        0,
        1,
        2,
        2,
        1,
        3
      ],
      "uv": [
        315,
        522,
        538,
        522,
        315,
        301,
        538,
        301
      ],
      "nuv": [
        0.3888888888888889,
        0.37160493827160496,
        0.6641975308641975,
        0.37160493827160496,
        0.3888888888888889,
        0.6444444444444445,
        0.6641975308641975,
        0.6444444444444445
      ],
      "minPos": {
        "x": -111.5,
        "y": -110.5,
        "z": 0
      },
      "maxPos": {
        "x": 111.5,
        "y": 110.5,
        "z": 0
      }
    },
    "texture": "19a33cd6-f13a-4541-96ad-f7b8906f4a56@6c48a",
    "packable": true,
    "pixelsToUnit": 100,
    "pivot": {
      "x": 0.5,
      "y": 0.5
    },
    "meshType": 0
  }
}