{
  "__type__": "cc.SpriteFrame",
  "content": {
    "name": "e27",
    "atlas": "",
    "rect": {
      "x": 227,
      "y": 235,
      "width": 361,
      "height": 337
    },
    "offset": {
      "x": 2.5,
      "y": 1.5
    },
    "originalSize": {
      "width": 810,
      "height": 810
    },
    "rotated": false,
    "capInsets": [
      0,
      0,
      0,
      0
    ],
    "vertices": {
      "rawPosition": [
        -180.5,
        -168.5,
        0,
        180.5,
        -168.5,
        0,
        -180.5,
        168.5,
        0,
        180.5,
        168.5,
        0
      ],
      "indexes": [
        0,
        1,
        2,
        2,
        1,
        3
      ],
      "uv": [
        227,
        575,
        588,
        575,
        227,
        238,
        588,
        238
      ],
      "nuv": [
        0.2802469135802469,
        0.2938271604938272,
        0.725925925925926,
        0.2938271604938272,
        0.2802469135802469,
        0.7098765432098766,
        0.725925925925926,
        0.7098765432098766
      ],
      "minPos": {
        "x": -180.5,
        "y": -168.5,
        "z": 0
      },
      "maxPos": {
        "x": 180.5,
        "y": 168.5,
        "z": 0
      }
    },
    "texture": "d20df590-674e-4fbe-a080-5b7d33d16c3d@6c48a",
    "packable": true,
    "pixelsToUnit": 100,
    "pivot": {
      "x": 0.5,
      "y": 0.5
    },
    "meshType": 0
  }
}