{
  "__type__": "cc.SpriteFrame",
  "content": {
    "name": "e10",
    "atlas": "",
    "rect": {
      "x": 253,
      "y": 344,
      "width": 305,
      "height": 305
    },
    "offset": {
      "x": 0.5,
      "y": -91.5
    },
    "originalSize": {
      "width": 810,
      "height": 810
    },
    "rotated": false,
    "capInsets": [
      0,
      0,
      0,
      0
    ],
    "vertices": {
      "rawPosition": [
        -152.5,
        -152.5,
        0,
        152.5,
        -152.5,
        0,
        -152.5,
        152.5,
        0,
        152.5,
        152.5,
        0
      ],
      "indexes": [
        0,
        1,
        2,
        2,
        1,
        3
      ],
      "uv": [
        253,
        466,
        558,
        466,
        253,
        161,
        558,
        161
      ],
      "nuv": [
        0.31234567901234567,
        0.19876543209876543,
        0.6888888888888889,
        0.19876543209876543,
        0.31234567901234567,
        0.5753086419753086,
        0.6888888888888889,
        0.5753086419753086
      ],
      "minPos": {
        "x": -152.5,
        "y": -152.5,
        "z": 0
      },
      "maxPos": {
        "x": 152.5,
        "y": 152.5,
        "z": 0
      }
    },
    "texture": "4874755d-eb42-49ea-a259-d78a0b47a072@6c48a",
    "packable": true,
    "pixelsToUnit": 100,
    "pivot": {
      "x": 0.5,
      "y": 0.5
    },
    "meshType": 0
  }
}