{
  "__type__": "cc.SpriteFrame",
  "content": {
    "name": "logo",
    "atlas": "",
    "rect": {
      "x": 2,
      "y": 4,
      "width": 1416,
      "height": 1272
    },
    "offset": {
      "x": -0.5,
      "y": -1.5
    },
    "originalSize": {
      "width": 1421,
      "height": 1277
    },
    "rotated": false,
    "capInsets": [
      0,
      0,
      0,
      0
    ],
    "vertices": {
      "rawPosition": [
        -708,
        -636,
        0,
        708,
        -636,
        0,
        -708,
        636,
        0,
        708,
        636,
        0
      ],
      "indexes": [
        0,
        1,
        2,
        2,
        1,
        3
      ],
      "uv": [
        2,
        1273,
        1418,
        1273,
        2,
        1,
        1418,
        1
      ],
      "nuv": [
        0.0014074595355383533,
        0.0007830853563038371,
        0.9978888106966924,
        0.0007830853563038371,
        0.0014074595355383533,
        0.9968676585747847,
        0.9978888106966924,
        0.9968676585747847
      ],
      "minPos": {
        "x": -708,
        "y": -636,
        "z": 0
      },
      "maxPos": {
        "x": 708,
        "y": 636,
        "z": 0
      }
    },
    "texture": "a686401c-84b9-41ee-89da-5585d2b6a0bb@6c48a",
    "packable": true,
    "pixelsToUnit": 100,
    "pivot": {
      "x": 0.5,
      "y": 0.5
    },
    "meshType": 0
  }
}