{
  "__type__": "cc.SpriteFrame",
  "content": {
    "name": "e6",
    "atlas": "",
    "rect": {
      "x": 282,
      "y": 266,
      "width": 265,
      "height": 258
    },
    "offset": {
      "x": 9.5,
      "y": 10
    },
    "originalSize": {
      "width": 810,
      "height": 810
    },
    "rotated": false,
    "capInsets": [
      0,
      0,
      0,
      0
    ],
    "vertices": {
      "rawPosition": [
        -132.5,
        -129,
        0,
        132.5,
        -129,
        0,
        -132.5,
        129,
        0,
        132.5,
        129,
        0
      ],
      "indexes": [
        0,
        1,
        2,
        2,
        1,
        3
      ],
      "uv": [
        282,
        544,
        547,
        544,
        282,
        286,
        547,
        286
      ],
      "nuv": [
        0.34814814814814815,
        0.3530864197530864,
        0.6753086419753086,
        0.3530864197530864,
        0.34814814814814815,
        0.671604938271605,
        0.6753086419753086,
        0.671604938271605
      ],
      "minPos": {
        "x": -132.5,
        "y": -129,
        "z": 0
      },
      "maxPos": {
        "x": 132.5,
        "y": 129,
        "z": 0
      }
    },
    "texture": "a6a6116d-f482-4569-bf30-767199128389@6c48a",
    "packable": true,
    "pixelsToUnit": 100,
    "pivot": {
      "x": 0.5,
      "y": 0.5
    },
    "meshType": 0
  }
}