{
  "__type__": "cc.SpriteFrame",
  "content": {
    "name": "emtyplay",
    "atlas": "",
    "rect": {
      "x": 1,
      "y": 56,
      "width": 296,
      "height": 297
    },
    "offset": {
      "x": -1,
      "y": -4.5
    },
    "originalSize": {
      "width": 300,
      "height": 400
    },
    "rotated": false,
    "capInsets": [
      0,
      0,
      0,
      0
    ],
    "vertices": {
      "rawPosition": [
        -148,
        -148.5,
        0,
        148,
        -148.5,
        0,
        -148,
        148.5,
        0,
        148,
        148.5,
        0
      ],
      "indexes": [
        0,
        1,
        2,
        2,
        1,
        3
      ],
      "uv": [
        1,
        344,
        297,
        344,
        1,
        47,
        297,
        47
      ],
      "nuv": [
        0.0033333333333333335,
        0.1175,
        0.99,
        0.1175,
        0.0033333333333333335,
        0.86,
        0.99,
        0.86
      ],
      "minPos": {
        "x": -148,
        "y": -148.5,
        "z": 0
      },
      "maxPos": {
        "x": 148,
        "y": 148.5,
        "z": 0
      }
    },
    "texture": "5b030db7-3b3a-4f7a-b461-ac059b218229@6c48a",
    "packable": true,
    "pixelsToUnit": 100,
    "pivot": {
      "x": 0.5,
      "y": 0.5
    },
    "meshType": 0
  }
}