{
  "__type__": "cc.SpriteFrame",
  "content": {
    "name": "e16",
    "atlas": "",
    "rect": {
      "x": 247,
      "y": 276,
      "width": 291,
      "height": 279
    },
    "offset": {
      "x": -12.5,
      "y": -10.5
    },
    "originalSize": {
      "width": 810,
      "height": 810
    },
    "rotated": false,
    "capInsets": [
      0,
      0,
      0,
      0
    ],
    "vertices": {
      "rawPosition": [
        -145.5,
        -139.5,
        0,
        145.5,
        -139.5,
        0,
        -145.5,
        139.5,
        0,
        145.5,
        139.5,
        0
      ],
      "indexes": [
        0,
        1,
        2,
        2,
        1,
        3
      ],
      "uv": [
        247,
        534,
        538,
        534,
        247,
        255,
        538,
        255
      ],
      "nuv": [
        0.30493827160493825,
        0.3148148148148148,
        0.6641975308641975,
        0.3148148148148148,
        0.30493827160493825,
        0.6592592592592592,
        0.6641975308641975,
        0.6592592592592592
      ],
      "minPos": {
        "x": -145.5,
        "y": -139.5,
        "z": 0
      },
      "maxPos": {
        "x": 145.5,
        "y": 139.5,
        "z": 0
      }
    },
    "texture": "5bd416a1-5298-484b-8ef5-496c6ab7745b@6c48a",
    "packable": true,
    "pixelsToUnit": 100,
    "pivot": {
      "x": 0.5,
      "y": 0.5
    },
    "meshType": 0
  }
}