{
  "__type__": "cc.SpriteFrame",
  "content": {
    "name": "e19",
    "atlas": "",
    "rect": {
      "x": 242,
      "y": 249,
      "width": 323,
      "height": 303
    },
    "offset": {
      "x": -1.5,
      "y": 4.5
    },
    "originalSize": {
      "width": 810,
      "height": 810
    },
    "rotated": false,
    "capInsets": [
      0,
      0,
      0,
      0
    ],
    "vertices": {
      "rawPosition": [
        -161.5,
        -151.5,
        0,
        161.5,
        -151.5,
        0,
        -161.5,
        151.5,
        0,
        161.5,
        151.5,
        0
      ],
      "indexes": [
        0,
        1,
        2,
        2,
        1,
        3
      ],
      "uv": [
        242,
        561,
        565,
        561,
        242,
        258,
        565,
        258
      ],
      "nuv": [
        0.29876543209876544,
        0.31851851851851853,
        0.6975308641975309,
        0.31851851851851853,
        0.29876543209876544,
        0.6925925925925925,
        0.6975308641975309,
        0.6925925925925925
      ],
      "minPos": {
        "x": -161.5,
        "y": -151.5,
        "z": 0
      },
      "maxPos": {
        "x": 161.5,
        "y": 151.5,
        "z": 0
      }
    },
    "texture": "b57009c0-a746-4059-9fad-310d1db3012f@6c48a",
    "packable": true,
    "pixelsToUnit": 100,
    "pivot": {
      "x": 0.5,
      "y": 0.5
    },
    "meshType": 0
  }
}