{
  "__type__": "cc.SpriteFrame",
  "content": {
    "name": "e14",
    "atlas": "",
    "rect": {
      "x": 250,
      "y": 346,
      "width": 308,
      "height": 295
    },
    "offset": {
      "x": -1,
      "y": -88.5
    },
    "originalSize": {
      "width": 810,
      "height": 810
    },
    "rotated": false,
    "capInsets": [
      0,
      0,
      0,
      0
    ],
    "vertices": {
      "rawPosition": [
        -154,
        -147.5,
        0,
        154,
        -147.5,
        0,
        -154,
        147.5,
        0,
        154,
        147.5,
        0
      ],
      "indexes": [
        0,
        1,
        2,
        2,
        1,
        3
      ],
      "uv": [
        250,
        464,
        558,
        464,
        250,
        169,
        558,
        169
      ],
      "nuv": [
        0.30864197530864196,
        0.20864197530864198,
        0.6888888888888889,
        0.20864197530864198,
        0.30864197530864196,
        0.5728395061728395,
        0.6888888888888889,
        0.5728395061728395
      ],
      "minPos": {
        "x": -154,
        "y": -147.5,
        "z": 0
      },
      "maxPos": {
        "x": 154,
        "y": 147.5,
        "z": 0
      }
    },
    "texture": "15bd7c86-fa34-4f56-b4f8-ecb54c4f1ea3@6c48a",
    "packable": true,
    "pixelsToUnit": 100,
    "pivot": {
      "x": 0.5,
      "y": 0.5
    },
    "meshType": 0
  }
}