{
  "__type__": "cc.SpriteFrame",
  "content": {
    "name": "e13",
    "atlas": "",
    "rect": {
      "x": 247,
      "y": 257,
      "width": 314,
      "height": 297
    },
    "offset": {
      "x": -1,
      "y": -0.5
    },
    "originalSize": {
      "width": 810,
      "height": 810
    },
    "rotated": false,
    "capInsets": [
      0,
      0,
      0,
      0
    ],
    "vertices": {
      "rawPosition": [
        -157,
        -148.5,
        0,
        157,
        -148.5,
        0,
        -157,
        148.5,
        0,
        157,
        148.5,
        0
      ],
      "indexes": [
        0,
        1,
        2,
        2,
        1,
        3
      ],
      "uv": [
        247,
        553,
        561,
        553,
        247,
        256,
        561,
        256
      ],
      "nuv": [
        0.30493827160493825,
        0.3160493827160494,
        0.6925925925925925,
        0.3160493827160494,
        0.30493827160493825,
        0.682716049382716,
        0.6925925925925925,
        0.682716049382716
      ],
      "minPos": {
        "x": -157,
        "y": -148.5,
        "z": 0
      },
      "maxPos": {
        "x": 157,
        "y": 148.5,
        "z": 0
      }
    },
    "texture": "11157760-6fd4-4ffe-b03f-8b8f2acb610a@6c48a",
    "packable": true,
    "pixelsToUnit": 100,
    "pivot": {
      "x": 0.5,
      "y": 0.5
    },
    "meshType": 0
  }
}