{
  "__type__": "cc.SpriteFrame",
  "content": {
    "name": "e29",
    "atlas": "",
    "rect": {
      "x": 225,
      "y": 226,
      "width": 361,
      "height": 348
    },
    "offset": {
      "x": 0.5,
      "y": 5
    },
    "originalSize": {
      "width": 810,
      "height": 810
    },
    "rotated": false,
    "capInsets": [
      0,
      0,
      0,
      0
    ],
    "vertices": {
      "rawPosition": [
        -180.5,
        -174,
        0,
        180.5,
        -174,
        0,
        -180.5,
        174,
        0,
        180.5,
        174,
        0
      ],
      "indexes": [
        0,
        1,
        2,
        2,
        1,
        3
      ],
      "uv": [
        225,
        584,
        586,
        584,
        225,
        236,
        586,
        236
      ],
      "nuv": [
        0.2777777777777778,
        0.291358024691358,
        0.7234567901234568,
        0.291358024691358,
        0.2777777777777778,
        0.7209876543209877,
        0.7234567901234568,
        0.7209876543209877
      ],
      "minPos": {
        "x": -180.5,
        "y": -174,
        "z": 0
      },
      "maxPos": {
        "x": 180.5,
        "y": 174,
        "z": 0
      }
    },
    "texture": "6ea27e19-3dc5-45f5-a08f-d6179cccbf08@6c48a",
    "packable": true,
    "pixelsToUnit": 100,
    "pivot": {
      "x": 0.5,
      "y": 0.5
    },
    "meshType": 0
  }
}