{
  "__type__": "cc.SpriteFrame",
  "content": {
    "name": "bar",
    "atlas": "",
    "rect": {
      "x": 3,
      "y": 12,
      "width": 743,
      "height": 20
    },
    "offset": {
      "x": 0,
      "y": 1.5
    },
    "originalSize": {
      "width": 749,
      "height": 47
    },
    "rotated": false,
    "capInsets": [
      0,
      0,
      0,
      0
    ],
    "vertices": {
      "rawPosition": [
        -371.5,
        -10,
        0,
        371.5,
        -10,
        0,
        -371.5,
        10,
        0,
        371.5,
        10,
        0
      ],
      "indexes": [
        0,
        1,
        2,
        2,
        1,
        3
      ],
      "uv": [
        3,
        35,
        746,
        35,
        3,
        15,
        746,
        15
      ],
      "nuv": [
        0.004005340453938585,
        0.3191489361702128,
        0.9959946595460614,
        0.3191489361702128,
        0.004005340453938585,
        0.7446808510638298,
        0.9959946595460614,
        0.7446808510638298
      ],
      "minPos": {
        "x": -371.5,
        "y": -10,
        "z": 0
      },
      "maxPos": {
        "x": 371.5,
        "y": 10,
        "z": 0
      }
    },
    "texture": "779d425e-df1d-4a51-9bba-b0ac7f5fedd3@6c48a",
    "packable": true,
    "pixelsToUnit": 100,
    "pivot": {
      "x": 0.5,
      "y": 0.5
    },
    "meshType": 0
  }
}