{
  "__type__": "cc.SpriteFrame",
  "content": {
    "name": "texture-0",
    "atlas": "",
    "rect": {
      "x": 2,
      "y": 4,
      "width": 2032,
      "height": 2042
    },
    "offset": {
      "x": -4.5,
      "y": -1
    },
    "originalSize": {
      "width": 2045,
      "height": 2048
    },
    "rotated": false,
    "capInsets": [
      0,
      0,
      0,
      0
    ],
    "vertices": {
      "rawPosition": [
        -1016,
        -1021,
        0,
        1016,
        -1021,
        0,
        -1016,
        1021,
        0,
        1016,
        1021,
        0
      ],
      "indexes": [
        0,
        1,
        2,
        2,
        1,
        3
      ],
      "uv": [
        2,
        2044,
        2034,
        2044,
        2,
        2,
        2034,
        2
      ],
      "nuv": [
        0.0009779951100244498,
        0.0009765625,
        0.9946210268948655,
        0.0009765625,
        0.0009779951100244498,
        0.998046875,
        0.9946210268948655,
        0.998046875
      ],
      "minPos": {
        "x": -1016,
        "y": -1021,
        "z": 0
      },
      "maxPos": {
        "x": 1016,
        "y": 1021,
        "z": 0
      }
    },
    "texture": "77a8d32f-72a0-4ed7-b878-139de4ba4c4a@6c48a",
    "packable": true,
    "pixelsToUnit": 100,
    "pivot": {
      "x": 0.5,
      "y": 0.5
    },
    "meshType": 0
  }
}