{
  "__type__": "cc.SpriteFrame",
  "content": {
    "name": "emtyplay",
    "atlas": "",
    "rect": {
      "x": 2,
      "y": 4,
      "width": 308,
      "height": 307
    },
    "offset": {
      "x": 0,
      "y": -1
    },
    "originalSize": {
      "width": 312,
      "height": 313
    },
    "rotated": false,
    "capInsets": [
      0,
      0,
      0,
      0
    ],
    "vertices": {
      "rawPosition": [
        -154,
        -153.5,
        0,
        154,
        -153.5,
        0,
        -154,
        153.5,
        0,
        154,
        153.5,
        0
      ],
      "indexes": [
        0,
        1,
        2,
        2,
        1,
        3
      ],
      "uv": [
        2,
        309,
        310,
        309,
        2,
        2,
        310,
        2
      ],
      "nuv": [
        0.00641025641025641,
        0.006389776357827476,
        0.9935897435897436,
        0.006389776357827476,
        0.00641025641025641,
        0.987220447284345,
        0.9935897435897436,
        0.987220447284345
      ],
      "minPos": {
        "x": -154,
        "y": -153.5,
        "z": 0
      },
      "maxPos": {
        "x": 154,
        "y": 153.5,
        "z": 0
      }
    },
    "texture": "33c9e8f4-9fb1-4cda-b8c7-9944fb043d06@6c48a",
    "packable": true,
    "pixelsToUnit": 100,
    "pivot": {
      "x": 0.5,
      "y": 0.5
    },
    "meshType": 0
  }
}