{
  "__type__": "cc.SpriteFrame",
  "content": {
    "name": "e26",
    "atlas": "",
    "rect": {
      "x": 229,
      "y": 237,
      "width": 356,
      "height": 335
    },
    "offset": {
      "x": 2,
      "y": 0.5
    },
    "originalSize": {
      "width": 810,
      "height": 810
    },
    "rotated": false,
    "capInsets": [
      0,
      0,
      0,
      0
    ],
    "vertices": {
      "rawPosition": [
        -178,
        -167.5,
        0,
        178,
        -167.5,
        0,
        -178,
        167.5,
        0,
        178,
        167.5,
        0
      ],
      "indexes": [
        0,
        1,
        2,
        2,
        1,
        3
      ],
      "uv": [
        229,
        573,
        585,
        573,
        229,
        238,
        585,
        238
      ],
      "nuv": [
        0.28271604938271605,
        0.2938271604938272,
        0.7222222222222222,
        0.2938271604938272,
        0.28271604938271605,
        0.7074074074074074,
        0.7222222222222222,
        0.7074074074074074
      ],
      "minPos": {
        "x": -178,
        "y": -167.5,
        "z": 0
      },
      "maxPos": {
        "x": 178,
        "y": 167.5,
        "z": 0
      }
    },
    "texture": "2ec17f94-a9cb-4741-a5a6-8e86287a827a@6c48a",
    "packable": true,
    "pixelsToUnit": 100,
    "pivot": {
      "x": 0.5,
      "y": 0.5
    },
    "meshType": 0
  }
}