{
  "__type__": "cc.SpriteFrame",
  "content": {
    "name": "e7",
    "atlas": "",
    "rect": {
      "x": 255,
      "y": 345,
      "width": 295,
      "height": 284
    },
    "offset": {
      "x": -2.5,
      "y": -82
    },
    "originalSize": {
      "width": 810,
      "height": 810
    },
    "rotated": false,
    "capInsets": [
      0,
      0,
      0,
      0
    ],
    "vertices": {
      "rawPosition": [
        -147.5,
        -142,
        0,
        147.5,
        -142,
        0,
        -147.5,
        142,
        0,
        147.5,
        142,
        0
      ],
      "indexes": [
        0,
        1,
        2,
        2,
        1,
        3
      ],
      "uv": [
        255,
        465,
        550,
        465,
        255,
        181,
        550,
        181
      ],
      "nuv": [
        0.3148148148148148,
        0.2234567901234568,
        0.6790123456790124,
        0.2234567901234568,
        0.3148148148148148,
        0.5740740740740741,
        0.6790123456790124,
        0.5740740740740741
      ],
      "minPos": {
        "x": -147.5,
        "y": -142,
        "z": 0
      },
      "maxPos": {
        "x": 147.5,
        "y": 142,
        "z": 0
      }
    },
    "texture": "5da7fa17-3dca-495f-a3cd-ca5168288264@6c48a",
    "packable": true,
    "pixelsToUnit": 100,
    "pivot": {
      "x": 0.5,
      "y": 0.5
    },
    "meshType": 0
  }
}