{
  "__type__": "cc.SpriteFrame",
  "content": {
    "name": "e8",
    "atlas": "",
    "rect": {
      "x": 278,
      "y": 262,
      "width": 298,
      "height": 282
    },
    "offset": {
      "x": 22,
      "y": 2
    },
    "originalSize": {
      "width": 810,
      "height": 810
    },
    "rotated": false,
    "capInsets": [
      0,
      0,
      0,
      0
    ],
    "vertices": {
      "rawPosition": [
        -149,
        -141,
        0,
        149,
        -141,
        0,
        -149,
        141,
        0,
        149,
        141,
        0
      ],
      "indexes": [
        0,
        1,
        2,
        2,
        1,
        3
      ],
      "uv": [
        278,
        548,
        576,
        548,
        278,
        266,
        576,
        266
      ],
      "nuv": [
        0.3432098765432099,
        0.32839506172839505,
        0.7111111111111111,
        0.32839506172839505,
        0.3432098765432099,
        0.6765432098765433,
        0.7111111111111111,
        0.6765432098765433
      ],
      "minPos": {
        "x": -149,
        "y": -141,
        "z": 0
      },
      "maxPos": {
        "x": 149,
        "y": 141,
        "z": 0
      }
    },
    "texture": "81333761-1fc5-4f36-85fb-00027457b2bf@6c48a",
    "packable": true,
    "pixelsToUnit": 100,
    "pivot": {
      "x": 0.5,
      "y": 0.5
    },
    "meshType": 0
  }
}