{
  "__type__": "cc.SpriteFrame",
  "content": {
    "name": "e11",
    "atlas": "",
    "rect": {
      "x": 250,
      "y": 344,
      "width": 287,
      "height": 287
    },
    "offset": {
      "x": -11.5,
      "y": -82.5
    },
    "originalSize": {
      "width": 810,
      "height": 810
    },
    "rotated": false,
    "capInsets": [
      0,
      0,
      0,
      0
    ],
    "vertices": {
      "rawPosition": [
        -143.5,
        -143.5,
        0,
        143.5,
        -143.5,
        0,
        -143.5,
        143.5,
        0,
        143.5,
        143.5,
        0
      ],
      "indexes": [
        0,
        1,
        2,
        2,
        1,
        3
      ],
      "uv": [
        250,
        466,
        537,
        466,
        250,
        179,
        537,
        179
      ],
      "nuv": [
        0.30864197530864196,
        0.22098765432098766,
        0.662962962962963,
        0.22098765432098766,
        0.30864197530864196,
        0.5753086419753086,
        0.662962962962963,
        0.5753086419753086
      ],
      "minPos": {
        "x": -143.5,
        "y": -143.5,
        "z": 0
      },
      "maxPos": {
        "x": 143.5,
        "y": 143.5,
        "z": 0
      }
    },
    "texture": "2a2f67a0-eb4a-410b-b8e4-45fe5a406015@6c48a",
    "packable": true,
    "pixelsToUnit": 100,
    "pivot": {
      "x": 0.5,
      "y": 0.5
    },
    "meshType": 0
  }
}