{
  "__type__": "cc.SpriteFrame",
  "content": {
    "name": "e4",
    "atlas": "",
    "rect": {
      "x": 296,
      "y": 301,
      "width": 216,
      "height": 209
    },
    "offset": {
      "x": -1,
      "y": -0.5
    },
    "originalSize": {
      "width": 810,
      "height": 810
    },
    "rotated": false,
    "capInsets": [
      0,
      0,
      0,
      0
    ],
    "vertices": {
      "rawPosition": [
        -108,
        -104.5,
        0,
        108,
        -104.5,
        0,
        -108,
        104.5,
        0,
        108,
        104.5,
        0
      ],
      "indexes": [
        0,
        1,
        2,
        2,
        1,
        3
      ],
      "uv": [
        296,
        509,
        512,
        509,
        296,
        300,
        512,
        300
      ],
      "nuv": [
        0.3654320987654321,
        0.37037037037037035,
        0.6320987654320988,
        0.37037037037037035,
        0.3654320987654321,
        0.6283950617283951,
        0.6320987654320988,
        0.6283950617283951
      ],
      "minPos": {
        "x": -108,
        "y": -104.5,
        "z": 0
      },
      "maxPos": {
        "x": 108,
        "y": 104.5,
        "z": 0
      }
    },
    "texture": "adc1e644-e8b7-40ae-91fa-e0d8ef09b904@6c48a",
    "packable": true,
    "pixelsToUnit": 100,
    "pivot": {
      "x": 0.5,
      "y": 0.5
    },
    "meshType": 0
  }
}