{
  "__type__": "cc.SpriteFrame",
  "content": {
    "name": "e15",
    "atlas": "",
    "rect": {
      "x": 248,
      "y": 259,
      "width": 315,
      "height": 289
    },
    "offset": {
      "x": 0.5,
      "y": 1.5
    },
    "originalSize": {
      "width": 810,
      "height": 810
    },
    "rotated": false,
    "capInsets": [
      0,
      0,
      0,
      0
    ],
    "vertices": {
      "rawPosition": [
        -157.5,
        -144.5,
        0,
        157.5,
        -144.5,
        0,
        -157.5,
        144.5,
        0,
        157.5,
        144.5,
        0
      ],
      "indexes": [
        0,
        1,
        2,
        2,
        1,
        3
      ],
      "uv": [
        248,
        551,
        563,
        551,
        248,
        262,
        563,
        262
      ],
      "nuv": [
        0.30617283950617286,
        0.3234567901234568,
        0.6950617283950618,
        0.3234567901234568,
        0.30617283950617286,
        0.6802469135802469,
        0.6950617283950618,
        0.6802469135802469
      ],
      "minPos": {
        "x": -157.5,
        "y": -144.5,
        "z": 0
      },
      "maxPos": {
        "x": 157.5,
        "y": 144.5,
        "z": 0
      }
    },
    "texture": "79c7deac-68d2-4b5c-b585-65912334a47d@6c48a",
    "packable": true,
    "pixelsToUnit": 100,
    "pivot": {
      "x": 0.5,
      "y": 0.5
    },
    "meshType": 0
  }
}