{
  "__type__": "cc.SpriteFrame",
  "content": {
    "name": "e21",
    "atlas": "",
    "rect": {
      "x": 235,
      "y": 250,
      "width": 330,
      "height": 311
    },
    "offset": {
      "x": -5,
      "y": -0.5
    },
    "originalSize": {
      "width": 810,
      "height": 810
    },
    "rotated": false,
    "capInsets": [
      0,
      0,
      0,
      0
    ],
    "vertices": {
      "rawPosition": [
        -165,
        -155.5,
        0,
        165,
        -155.5,
        0,
        -165,
        155.5,
        0,
        165,
        155.5,
        0
      ],
      "indexes": [
        0,
        1,
        2,
        2,
        1,
        3
      ],
      "uv": [
        235,
        560,
        565,
        560,
        235,
        249,
        565,
        249
      ],
      "nuv": [
        0.29012345679012347,
        0.3074074074074074,
        0.6975308641975309,
        0.3074074074074074,
        0.29012345679012347,
        0.691358024691358,
        0.6975308641975309,
        0.691358024691358
      ],
      "minPos": {
        "x": -165,
        "y": -155.5,
        "z": 0
      },
      "maxPos": {
        "x": 165,
        "y": 155.5,
        "z": 0
      }
    },
    "texture": "0da70962-3344-40d2-9afa-22428fc4b614@6c48a",
    "packable": true,
    "pixelsToUnit": 100,
    "pivot": {
      "x": 0.5,
      "y": 0.5
    },
    "meshType": 0
  }
}