{
  "__type__": "cc.SpriteFrame",
  "content": {
    "name": "e30",
    "atlas": "",
    "rect": {
      "x": 225,
      "y": 226,
      "width": 357,
      "height": 362
    },
    "offset": {
      "x": -1.5,
      "y": -2
    },
    "originalSize": {
      "width": 810,
      "height": 810
    },
    "rotated": false,
    "capInsets": [
      0,
      0,
      0,
      0
    ],
    "vertices": {
      "rawPosition": [
        -178.5,
        -181,
        0,
        178.5,
        -181,
        0,
        -178.5,
        181,
        0,
        178.5,
        181,
        0
      ],
      "indexes": [
        0,
        1,
        2,
        2,
        1,
        3
      ],
      "uv": [
        225,
        584,
        582,
        584,
        225,
        222,
        582,
        222
      ],
      "nuv": [
        0.2777777777777778,
        0.2740740740740741,
        0.7185185185185186,
        0.2740740740740741,
        0.2777777777777778,
        0.7209876543209877,
        0.7185185185185186,
        0.7209876543209877
      ],
      "minPos": {
        "x": -178.5,
        "y": -181,
        "z": 0
      },
      "maxPos": {
        "x": 178.5,
        "y": 181,
        "z": 0
      }
    },
    "texture": "bb581113-6d9c-4ab3-8b27-99953e4a2ada@6c48a",
    "packable": true,
    "pixelsToUnit": 100,
    "pivot": {
      "x": 0.5,
      "y": 0.5
    },
    "meshType": 0
  }
}