{
  "__type__": "cc.SpriteFrame",
  "content": {
    "name": "e17",
    "atlas": "",
    "rect": {
      "x": 229,
      "y": 251,
      "width": 352,
      "height": 309
    },
    "offset": {
      "x": 0,
      "y": -0.5
    },
    "originalSize": {
      "width": 810,
      "height": 810
    },
    "rotated": false,
    "capInsets": [
      0,
      0,
      0,
      0
    ],
    "vertices": {
      "rawPosition": [
        -176,
        -154.5,
        0,
        176,
        -154.5,
        0,
        -176,
        154.5,
        0,
        176,
        154.5,
        0
      ],
      "indexes": [
        0,
        1,
        2,
        2,
        1,
        3
      ],
      "uv": [
        229,
        559,
        581,
        559,
        229,
        250,
        581,
        250
      ],
      "nuv": [
        0.28271604938271605,
        0.30864197530864196,
        0.717283950617284,
        0.30864197530864196,
        0.28271604938271605,
        0.6901234567901234,
        0.717283950617284,
        0.6901234567901234
      ],
      "minPos": {
        "x": -176,
        "y": -154.5,
        "z": 0
      },
      "maxPos": {
        "x": 176,
        "y": 154.5,
        "z": 0
      }
    },
    "texture": "bd148c57-0a4e-4352-baeb-f4c9476da9eb@6c48a",
    "packable": true,
    "pixelsToUnit": 100,
    "pivot": {
      "x": 0.5,
      "y": 0.5
    },
    "meshType": 0
  }
}