{
  "__type__": "cc.SpriteFrame",
  "content": {
    "name": "e23",
    "atlas": "",
    "rect": {
      "x": 226,
      "y": 233,
      "width": 359,
      "height": 323
    },
    "offset": {
      "x": 0.5,
      "y": 10.5
    },
    "originalSize": {
      "width": 810,
      "height": 810
    },
    "rotated": false,
    "capInsets": [
      0,
      0,
      0,
      0
    ],
    "vertices": {
      "rawPosition": [
        -179.5,
        -161.5,
        0,
        179.5,
        -161.5,
        0,
        -179.5,
        161.5,
        0,
        179.5,
        161.5,
        0
      ],
      "indexes": [
        0,
        1,
        2,
        2,
        1,
        3
      ],
      "uv": [
        226,
        577,
        585,
        577,
        226,
        254,
        585,
        254
      ],
      "nuv": [
        0.27901234567901234,
        0.3135802469135803,
        0.7222222222222222,
        0.3135802469135803,
        0.27901234567901234,
        0.7123456790123457,
        0.7222222222222222,
        0.7123456790123457
      ],
      "minPos": {
        "x": -179.5,
        "y": -161.5,
        "z": 0
      },
      "maxPos": {
        "x": 179.5,
        "y": 161.5,
        "z": 0
      }
    },
    "texture": "9ab17f69-1bc7-4e67-98aa-93ecfc080001@6c48a",
    "packable": true,
    "pixelsToUnit": 100,
    "pivot": {
      "x": 0.5,
      "y": 0.5
    },
    "meshType": 0
  }
}