{
  "__type__": "cc.SpriteFrame",
  "content": {
    "name": "e1",
    "atlas": "",
    "rect": {
      "x": 320,
      "y": 294,
      "width": 156,
      "height": 168
    },
    "offset": {
      "x": -7,
      "y": 27
    },
    "originalSize": {
      "width": 810,
      "height": 810
    },
    "rotated": false,
    "capInsets": [
      0,
      0,
      0,
      0
    ],
    "vertices": {
      "rawPosition": [
        -78,
        -84,
        0,
        78,
        -84,
        0,
        -78,
        84,
        0,
        78,
        84,
        0
      ],
      "indexes": [
        0,
        1,
        2,
        2,
        1,
        3
      ],
      "uv": [
        320,
        516,
        476,
        516,
        320,
        348,
        476,
        348
      ],
      "nuv": [
        0.3950617283950617,
        0.42962962962962964,
        0.5876543209876544,
        0.42962962962962964,
        0.3950617283950617,
        0.6370370370370371,
        0.5876543209876544,
        0.6370370370370371
      ],
      "minPos": {
        "x": -78,
        "y": -84,
        "z": 0
      },
      "maxPos": {
        "x": 78,
        "y": 84,
        "z": 0
      }
    },
    "texture": "78b1f201-933e-4263-abfe-7b8f2b03e805@6c48a",
    "packable": true,
    "pixelsToUnit": 100,
    "pivot": {
      "x": 0.5,
      "y": 0.5
    },
    "meshType": 0
  }
}