{
  "__type__": "cc.SpriteFrame",
  "content": {
    "name": "PreloadSpinner",
    "atlas": "",
    "rect": {
      "x": 41,
      "y": 5,
      "width": 48,
      "height": 48
    },
    "offset": {
      "x": 18,
      "y": 18
    },
    "originalSize": {
      "width": 94,
      "height": 94
    },
    "rotated": false,
    "capInsets": [
      0,
      0,
      0,
      0
    ],
    "vertices": {
      "rawPosition": [
        -24,
        -24,
        0,
        24,
        -24,
        0,
        -24,
        24,
        0,
        24,
        24,
        0
      ],
      "indexes": [
        0,
        1,
        2,
        2,
        1,
        3
      ],
      "uv": [
        41,
        89,
        89,
        89,
        41,
        41,
        89,
        41
      ],
      "nuv": [
        0.43617021276595747,
        0.43617021276595747,
        0.9468085106382979,
        0.43617021276595747,
        0.43617021276595747,
        0.9468085106382979,
        0.9468085106382979,
        0.9468085106382979
      ],
      "minPos": {
        "x": -24,
        "y": -24,
        "z": 0
      },
      "maxPos": {
        "x": 24,
        "y": 24,
        "z": 0
      }
    },
    "texture": "895d2e15-7ec6-48a6-9e72-48bef104d2b4@6c48a",
    "packable": true,
    "pixelsToUnit": 100,
    "pivot": {
      "x": 0.5,
      "y": 0.5
    },
    "meshType": 0
  }
}