{
  "__type__": "cc.SpriteFrame",
  "content": {
    "name": "texture-1",
    "atlas": "",
    "rect": {
      "x": 2,
      "y": 2,
      "width": 2028,
      "height": 2030
    },
    "offset": {
      "x": -3.5,
      "y": 4.5
    },
    "originalSize": {
      "width": 2039,
      "height": 2043
    },
    "rotated": false,
    "capInsets": [
      0,
      0,
      0,
      0
    ],
    "vertices": {
      "rawPosition": [
        -1014,
        -1015,
        0,
        1014,
        -1015,
        0,
        -1014,
        1015,
        0,
        1014,
        1015,
        0
      ],
      "indexes": [
        0,
        1,
        2,
        2,
        1,
        3
      ],
      "uv": [
        2,
        2041,
        2030,
        2041,
        2,
        11,
        2030,
        11
      ],
      "nuv": [
        0.000980872976949485,
        0.0053842388644150755,
        0.9955860716037274,
        0.0053842388644150755,
        0.000980872976949485,
        0.9990210474791973,
        0.9955860716037274,
        0.9990210474791973
      ],
      "minPos": {
        "x": -1014,
        "y": -1015,
        "z": 0
      },
      "maxPos": {
        "x": 1014,
        "y": 1015,
        "z": 0
      }
    },
    "texture": "67ec1f05-896e-4b28-8a10-e605955aba8c@6c48a",
    "packable": true,
    "pixelsToUnit": 100,
    "pivot": {
      "x": 0.5,
      "y": 0.5
    },
    "meshType": 0
  }
}