{
  "__type__": "cc.SpriteFrame",
  "content": {
    "name": "bgdoc",
    "atlas": "",
    "rect": {
      "x": 113,
      "y": 3,
      "width": 672,
      "height": 1195
    },
    "offset": {
      "x": -1,
      "y": -0.5
    },
    "originalSize": {
      "width": 900,
      "height": 1200
    },
    "rotated": false,
    "capInsets": [
      0,
      0,
      0,
      0
    ],
    "vertices": {
      "rawPosition": [
        -336,
        -597.5,
        0,
        336,
        -597.5,
        0,
        -336,
        597.5,
        0,
        336,
        597.5,
        0
      ],
      "indexes": [
        0,
        1,
        2,
        2,
        1,
        3
      ],
      "uv": [
        113,
        1197,
        785,
        1197,
        113,
        2,
        785,
        2
      ],
      "nuv": [
        0.12555555555555556,
        0.0016666666666666668,
        0.8722222222222222,
        0.0016666666666666668,
        0.12555555555555556,
        0.9975,
        0.8722222222222222,
        0.9975
      ],
      "minPos": {
        "x": -336,
        "y": -597.5,
        "z": 0
      },
      "maxPos": {
        "x": 336,
        "y": 597.5,
        "z": 0
      }
    },
    "texture": "5c9f8f58-ea15-4eac-bb45-9ec38231b7d2@6c48a",
    "packable": true,
    "pixelsToUnit": 100,
    "pivot": {
      "x": 0.5,
      "y": 0.5
    },
    "meshType": 0
  }
}