{
  "__type__": "cc.SpriteFrame",
  "content": {
    "name": "e12",
    "atlas": "",
    "rect": {
      "x": 245,
      "y": 252,
      "width": 320,
      "height": 300
    },
    "offset": {
      "x": 0,
      "y": 3
    },
    "originalSize": {
      "width": 810,
      "height": 810
    },
    "rotated": false,
    "capInsets": [
      0,
      0,
      0,
      0
    ],
    "vertices": {
      "rawPosition": [
        -160,
        -150,
        0,
        160,
        -150,
        0,
        -160,
        150,
        0,
        160,
        150,
        0
      ],
      "indexes": [
        0,
        1,
        2,
        2,
        1,
        3
      ],
      "uv": [
        245,
        558,
        565,
        558,
        245,
        258,
        565,
        258
      ],
      "nuv": [
        0.30246913580246915,
        0.31851851851851853,
        0.6975308641975309,
        0.31851851851851853,
        0.30246913580246915,
        0.6888888888888889,
        0.6975308641975309,
        0.6888888888888889
      ],
      "minPos": {
        "x": -160,
        "y": -150,
        "z": 0
      },
      "maxPos": {
        "x": 160,
        "y": 150,
        "z": 0
      }
    },
    "texture": "06fde4aa-dff7-472b-883a-c6fafb5c79b2@6c48a",
    "packable": true,
    "pixelsToUnit": 100,
    "pivot": {
      "x": 0.5,
      "y": 0.5
    },
    "meshType": 0
  }
}